{
  "project_info": {
    "project_number": "1042534471522",
    "project_id": "airenax-9629d",
    "storage_bucket": "airenax-9629d.firebasestorage.app"
  },
  "client": [
    {
      "client_info": {
        "mobilesdk_app_id": "1:1042534471522:android:2182b09e709e5364533e3b",
        "android_client_info": {
          "package_name": "com.airenax.ai_renax_app"
        }
      },
      "oauth_client": [],
      "api_key": [
        {
          "current_key": "AIzaSyAAxOu3G7u9RhN5oLn7EODdl5z4T0dk6wI"
        }
      ],
      "services": {
        "appinvite_service": {
          "other_platform_oauth_client": []
        }
      }
    }
  ],
  "configuration_version": "1"
}